"","Var1","Freq"
"1","AFP",29
"2","CRISP3",29
"3","TIMD4",29
"4","CD5L",28
"5","CD36",27
"6","PRG2",27
"7","PRG3",27
"8","CLEC4C",26
"9","HEPACAM2",26
"10","IL5RA",26
"11","PSAPL1",26
"12","ANGPT1",25
"13","CPXM1",25
"14","CR2",25
"15","CRH",25
"16","DSG4",25
"17","HBEGF",25
"18","KIT",25
"19","MLN",24
"20","NELL1",24
"21","SDC4",24
"22","SERPINE1",24
"23","SERPINI2",24
"24","CD22",23
"25","CPA1",23
"26","EDAR",23
"27","FASLG",23
"28","FCRL1",23
"29","NCR1",23
"30","EBI3_IL27",22
"31","IL15",22
"32","PDGFA",22
"33","PNLIPRP1",22
"34","SIGLEC6",22
"35","SMPDL3A",22
"36","TCL1A",22
"37","BDNF",21
"38","CCL28",21
"39","CSF1R",21
"40","CTRL",21
"41","GFRA3",21
"42","ICAM3",21
"43","MANSC1",21
"44","SMPD1",21
"45","TG",21
"46","APP",20
"47","CCN2",20
"48","CDSN",20
"49","DKK1",20
"50","GAL",20
"51","GAS6",20
"52","GPC1",20
"53","IL12B",20
"54","MET",20
"55","NID2",20
"56","PDGFB",20
"57","PRSS27",20
"58","SCGB3A2",20
"59","SPINT2",20
"60","THPO",20
"61","TIMP3",20
"62","TMPRSS5",20
"63","CD1C",19
"64","CEACAM6",19
"65","CELA2A",19
"66","DRAXIN",19
"67","FLT3LG",19
"68","LEG1",19
"69","LYPD3",19
"70","NAAA",19
"71","PLA2G1B",19
"72","PNLIP",19
"73","SEMA7A",19
"74","TNFSF12",19
"75","UMOD",19
"76","ASAH2",18
"77","CCER2",18
"78","CD163",18
"79","CD79B",18
"80","CES1",18
"81","CNTN3",18
"82","CTSV",18
"83","EGFL7",18
"84","ERBB4",18
"85","FCAMR",18
"86","FCRL2",18
"87","GPA33",18
"88","HMOX1",18
"89","HSBP1",18
"90","ITGB7",18
"91","LCN2",18
"92","MEP1B",18
"93","MERTK",18
"94","PLB1",18
"95","PPBP",18
"96","SCGB1A1",18
"97","XPNPEP2",18
"98","AGER",17
"99","BCAM",17
"100","BMP6",17
"101","BPIFA2",17
"102","CBLIF",17
"103","CD207",17
"104","CPB1",17
"105","CPVL",17
"106","CRISP2",17
"107","CTSL",17
"108","DCBLD2",17
"109","EPCAM",17
"110","FABP9",17
"111","FCRL5",17
"112","GP1BA",17
"113","GZMA",17
"114","HS6ST1",17
"115","IL12A_IL12B",17
"116","KEL",17
"117","LDLR",17
"118","LGMN",17
"119","MEGF10",17
"120","MEP1A",17
"121","NME3",17
"122","NPY",17
"123","PGLYRP1",17
"124","PLA2G10",17
"125","SHBG",17
"126","SPARC",17
"127","TNFRSF10C",17
"128","TNR",17
"129","TSHB",17
"130","ADA2",16
"131","BPIFB1",16
"132","CD244",16
"133","CR1",16
"134","CTRC",16
"135","CTSF",16
"136","FGFR4",16
"137","FOLR2",16
"138","FUT8",16
"139","ICAM4",16
"140","LY9",16
"141","MFGE8",16
"142","NELL2",16
"143","NPTX1",16
"144","PDCD1",16
"145","PTPRF",16
"146","SCGB3A1",16
"147","SIGLEC8",16
"148","SORT1",16
"149","TCN1",16
"150","TCTN3",16
"151","VCAN",16
"152","VEGFC",16
"153","WIF1",16
"154","AMIGO2",15
"155","B3GNT7",15
"156","BCHE",15
"157","CCL13",15
"158","CCL24",15
"159","CD300C",15
"160","CD40LG",15
"161","CELA3A",15
"162","CST5",15
"163","DMP1",15
"164","DSG3",15
"165","FCER2",15
"166","FUT3_FUT5",15
"167","GGH",15
"168","GUSB",15
"169","HYOU1",15
"170","KDR",15
"171","KITLG",15
"172","KLK1",15
"173","LRRC25",15
"174","MEPE",15
"175","MMP1",15
"176","MRC1",15
"177","NCAN",15
"178","PF4",15
"179","RETN",15
"180","RGMA",15
"181","SERPINE2",15
"182","SOST",15
"183","STAB2",15
"184","SUMF2",15
"185","THBD",15
"186","TPP1",15
"187","TPSAB1",15
"188","TREH",15
"189","WFDC12",15
"190","ACAN",14
"191","ADGRD1",14
"192","BPIFB2",14
"193","C1QA",14
"194","C4BPB",14
"195","CCL17",14
"196","CCN4",14
"197","CD160",14
"198","CD28",14
"199","CD300LG",14
"200","CD48",14
"201","CD63",14
"202","CD83",14
"203","CLEC10A",14
"204","CLEC4A",14
"205","COCH",14
"206","COL2A1",14
"207","CREG1",14
"208","CRTAM",14
"209","CST6",14
"210","CST7",14
"211","DEFA1_DEFA1B",14
"212","ENDOU",14
"213","FCGR3B",14
"214","FCN1",14
"215","FLT4",14
"216","GNLY",14
"217","IL1R1",14
"218","JCHAIN",14
"219","KLRF1",14
"220","LPO",14
"221","MAN2B2",14
"222","MASP1",14
"223","MCEMP1",14
"224","MDK",14
"225","MEGF9",14
"226","NID1",14
"227","NOTCH3",14
"228","OBP2B",14
"229","PRTN3",14
"230","ROBO1",14
"231","SDC1",14
"232","SPOCK1",14
"233","TACSTD2",14
"234","TFRC",14
"235","TNFRSF13B",14
"236","TNFRSF13C",14
"237","WFIKKN1",14
"238","ADAMTS13",13
"239","ADGRE1",13
"240","ADGRF5",13
"241","ALPP",13
"242","APOA2",13
"243","BGN",13
"244","CA6",13
"245","CCL11",13
"246","CD226",13
"247","CD86",13
"248","CDH17",13
"249","CDH2",13
"250","CEACAM5",13
"251","CLEC6A",13
"252","CPM",13
"253","CPQ",13
"254","CRYBB2",13
"255","CTBS",13
"256","CTRB1",13
"257","CXCL16",13
"258","DDR1",13
"259","FAM20A",13
"260","FGFBP1",13
"261","GDF2",13
"262","ICAM2",13
"263","IGF2R",13
"264","IL1RL1",13
"265","ITGA5",13
"266","KLRB1",13
"267","KLRD1",13
"268","LCAT",13
"269","LRIG1",13
"270","LY96",13
"271","LYVE1",13
"272","MME",13
"273","MSR1",13
"274","NT5E",13
"275","OLFM4",13
"276","PINLYP",13
"277","PODXL2",13
"278","PSPN",13
"279","SFTPD",13
"280","SLITRK2",13
"281","SSC4D",13
"282","TNC",13
"283","TNFSF8",13
"284","TSPAN8",13
"285","TXNDC15",13
"286","VNN1",13
"287","ALCAM",12
"288","CCL25",12
"289","CD248",12
"290","CD58",12
"291","CD6",12
"292","CEACAM8",12
"293","CLC",12
"294","CLEC5A",12
"295","CRELD2",12
"296","CTSO",12
"297","CTSZ",12
"298","DYNLT1",12
"299","EGF",12
"300","FGFBP3",12
"301","FOLR3",12
"302","GHRL",12
"303","HSD11B1",12
"304","IDUA",12
"305","IL18R1",12
"306","IL1R2",12
"307","IL1RL2",12
"308","IL7R",12
"309","KLK14",12
"310","LAG3",12
"311","LAMA4",12
"312","LAMB1",12
"313","LILRA2",12
"314","LILRB1",12
"315","LTBR",12
"316","LYPD8",12
"317","MAMDC2",12
"318","MARCO",12
"319","MZB1",12
"320","PLXNB2",12
"321","PRCP",12
"322","PRSS2",12
"323","PTPRB",12
"324","PYDC1",12
"325","QPCT",12
"326","ROR1",12
"327","SELL",12
"328","SIRPB1",12
"329","SMOC1",12
"330","TIE1",12
"331","TNFRSF17",12
"332","TNFRSF21",12
"333","TNFSF10",12
"334","VCAM1",12
"335","VEGFA",12
"336","XCL1",12
"337","ADGRG1",11
"338","AGRP",11
"339","AHSP",11
"340","AOC3",11
"341","ARSB",11
"342","BST2",11
"343","BTD",11
"344","CA4",11
"345","CCL21",11
"346","CCL5",11
"347","CD200R1",11
"348","CD300A",11
"349","CD84",11
"350","CDH5",11
"351","CLEC4G",11
"352","COL5A1",11
"353","CSPG4",11
"354","CXCL5",11
"355","CXCL8",11
"356","DSC2",11
"357","ENPP7",11
"358","EPHB4",11
"359","ERBB2",11
"360","FCAR",11
"361","FCN2",11
"362","FLRT2",11
"363","GALNT3",11
"364","GLB1",11
"365","GZMB",11
"366","IL18",11
"367","IL6ST",11
"368","ITGB2",11
"369","ITGB6",11
"370","KLK13",11
"371","L1CAM",11
"372","LAMP3",11
"373","LIFR",11
"374","LRP1",11
"375","MENT",11
"376","MXRA8",11
"377","NRP2",11
"378","PEAR1",11
"379","PLA2G15",11
"380","PLAU",11
"381","PLTP",11
"382","PTPRH",11
"383","PTPRM",11
"384","PTPRZ1",11
"385","RNASET2",11
"386","S100A14",11
"387","SEPTIN3",11
"388","SIGLEC9",11
"389","SLAMF7",11
"390","SPINT1",11
"391","SPP1",11
"392","SSC5D",11
"393","TEK",11
"394","TFPI2",11
"395","TGFBI",11
"396","TMEM106A",11
"397","TNFRSF11B",11
"398","ACE2",10
"399","ACP5",10
"400","ADGRE5",10
"401","AGXT",10
"402","ASGR2",10
"403","BCL2L11",10
"404","C1QL2",10
"405","C1QTNF5",10
"406","C1QTNF9",10
"407","CA12",10
"408","CD209",10
"409","CD80",10
"410","CD99L2",10
"411","CHAD",10
"412","CLEC14A",10
"413","CLUL1",10
"414","CNTN4",10
"415","COL1A1",10
"416","COL4A1",10
"417","CRYGD",10
"418","DNER",10
"419","ERN1",10
"420","F11R",10
"421","FGFBP2",10
"422","GALNT7",10
"423","GFRAL",10
"424","GOLM2",10
"425","GP1BB",10
"426","GPR37",10
"427","GRN",10
"428","GZMH",10
"429","HGFAC",10
"430","HPSE",10
"431","HS3ST3B1",10
"432","IFNGR1",10
"433","IFNGR2",10
"434","IL17RB",10
"435","ITGAM",10
"436","KLB",10
"437","KLRK1",10
"438","KRT18",10
"439","LGALS3BP",10
"440","LILRA5",10
"441","LILRB2",10
"442","LTA",10
"443","MAN1A2",10
"444","MMP9",10
"445","NCR3LG1",10
"446","OPTC",10
"447","OSCAR",10
"448","OSM",10
"449","OXT",10
"450","PAPPA",10
"451","PEPD",10
"452","PLA2G7",10
"453","POMC",10
"454","PROC",10
"455","PRSS53",10
"456","PRTG",10
"457","PSAP",10
"458","RTN4R",10
"459","SELE",10
"460","SELPLG",10
"461","SERPINA11",10
"462","SERPING1",10
"463","SIGLEC1",10
"464","SLC39A5",10
"465","SLC51B",10
"466","SPINK2",10
"467","TFF2",10
"468","TGFB1",10
"469","VAT1",10
"470","VIT",10
"471","VNN2",10
"472","VSIG4",10
"473","ADAMTSL2",9
"474","ADIPOQ",9
"475","AMBP",9
"476","AMY1A_AMY1B_AMY1C",9
"477","AMY2B",9
"478","APOL1",9
"479","B4GAT1",9
"480","BGLAP",9
"481","CCL2",9
"482","CCL27",9
"483","CCL8",9
"484","CCN1",9
"485","CD164",9
"486","CD40",9
"487","CD72",9
"488","CDA",9
"489","CDCP1",9
"490","CDHR2",9
"491","CEACAM16",9
"492","CES3",9
"493","CKMT1A_CKMT1B",9
"494","CLPS",9
"495","CLSTN3",9
"496","CSF3R",9
"497","CST1",9
"498","CTSE",9
"499","CXCL11",9
"500","CXCL12",9
"501","CXCL6",9
"502","DBH",9
"503","DLL1",9
"504","ELN",9
"505","ENG",9
"506","ENPP2",9
"507","ENTPD5",9
"508","ENTPD6",9
"509","ERMAP",9
"510","ESM1",9
"511","F10",9
"512","F2R",9
"513","F3",9
"514","FOLR1",9
"515","FSTL1",9
"516","GALNT10",9
"517","GALNT5",9
"518","HEG1",9
"519","HEPH",9
"520","ICAM5",9
"521","IGF1R",9
"522","IL10RB",9
"523","IL2RA",9
"524","INSR",9
"525","KIRREL2",9
"526","LTBP2",9
"527","MBL2",9
"528","MCAM",9
"529","MELTF",9
"530","MICB_MICA",9
"531","MYL3",9
"532","MYOC",9
"533","MYOM3",9
"534","NCAM1",9
"535","NPTX2",9
"536","NRP1",9
"537","NTRK3",9
"538","PCDH17",9
"539","PCDH9",9
"540","PCSK9",9
"541","PDGFRA",9
"542","PLAUR",9
"543","PPY",9
"544","PRSS8",9
"545","REG3A",9
"546","RSPO1",9
"547","SCARF1",9
"548","SCARF2",9
"549","SELP",9
"550","SEMA3G",9
"551","SIAE",9
"552","SIGLEC10",9
"553","SIGLEC7",9
"554","SKAP1",9
"555","ST3GAL1",9
"556","ST6GAL1",9
"557","STC2",9
"558","TFPI",9
"559","TGFBR2",9
"560","TNFRSF11A",9
"561","TNFSF11",9
"562","TNFSF13B",9
"563","TOP1",9
"564","TREM2",9
"565","ADAM15",8
"566","ADAM8",8
"567","ADGRE2",8
"568","ADGRG2",8
"569","AMY2A",8
"570","APOF",8
"571","APOM",8
"572","APRT",8
"573","ARSA",8
"574","BMP10",8
"575","BOC",8
"576","BRK1",8
"577","BSG",8
"578","CCL14",8
"579","CCL23",8
"580","CCL26",8
"581","CCL3",8
"582","CD200",8
"583","CD300E",8
"584","CD302",8
"585","CD33",8
"586","CD46",8
"587","CD5",8
"588","CD74",8
"589","CDHR5",8
"590","CFB",8
"591","CFC1",8
"592","CFHR4",8
"593","CFHR5",8
"594","CFP",8
"595","CLEC11A",8
"596","CLEC4D",8
"597","CNDP1",8
"598","CNTN5",8
"599","CRLF1",8
"600","CRYBB1",8
"601","CTSC",8
"602","CX3CL1",8
"603","CXCL13",8
"604","DPEP1",8
"605","DPP7",8
"606","DSCAM",8
"607","DSG2",8
"608","ENPP5",8
"609","EPO",8
"610","ERBB3",8
"611","EREG",8
"612","ESAM",8
"613","F7",8
"614","FAM3B",8
"615","FCRL6",8
"616","FKBP14",8
"617","FLT1",8
"618","GALNT2",8
"619","GFAP",8
"620","GP2",8
"621","GPC5",8
"622","GRP",8
"623","GSTA1",8
"624","GUCA2A",8
"625","HAO1",8
"626","HAVCR1",8
"627","HAVCR2",8
"628","IDO1",8
"629","IGLC2",8
"630","IL18BP",8
"631","IL1RAP",8
"632","ITGA11",8
"633","ITGA6",8
"634","ITIH3",8
"635","ITPR1",8
"636","JAM3",8
"637","KLK11",8
"638","LECT2",8
"639","LEPR",8
"640","LGALS3",8
"641","LPL",8
"642","LRRN1",8
"643","LTBP3",8
"644","MB",8
"645","MFAP4",8
"646","MSLN",8
"647","MUC2",8
"648","NAGPA",8
"649","NCS1",8
"650","NOTCH1",8
"651","NRCAM",8
"652","NXPH3",8
"653","OMD",8
"654","OMG",8
"655","PDCD1LG2",8
"656","PILRA",8
"657","PLXDC2",8
"658","PM20D1",8
"659","PON3",8
"660","PRR4",8
"661","RET",8
"662","SCG3",8
"663","SCLY",8
"664","SEZ6L",8
"665","SGSH",8
"666","SIRPA",8
"667","SLITRK6",8
"668","SNAP25",8
"669","SUSD5",8
"670","THBS2",8
"671","TINAGL1",8
"672","TNFRSF1A",8
"673","TNFRSF8",8
"674","TNFSF13",8
"675","TREML1",8
"676","TREML2",8
"677","TRIAP1",8
"678","TTR",8
"679","ULBP2",8
"680","VEGFD",8
"681","VSIR",8
"682","ZBTB16",8
"683","ZNRD2",8
"684","ACY3",7
"685","AGRN",7
"686","ANGPTL3",7
"687","ANGPTL7",7
"688","APOA1",7
"689","APOC1",7
"690","ASAH1",7
"691","ASGR1",7
"692","ASS1",7
"693","ATOX1",7
"694","AXL",7
"695","BTN2A1",7
"696","CA3",7
"697","CA9",7
"698","CALCA",7
"699","CALCOCO2",7
"700","CANT1",7
"701","CCL22",7
"702","CCL4",7
"703","CD101",7
"704","CD14",7
"705","CD274",7
"706","CD55",7
"707","CDH1",7
"708","CDH3",7
"709","CDKN1A",7
"710","CEACAM1",7
"711","CETN3",7
"712","CHGA",7
"713","CHGB",7
"714","CLEC1B",7
"715","COL28A1",7
"716","COMP",7
"717","CPA4",7
"718","CPB2",7
"719","CPE",7
"720","CTSB",7
"721","CTSS",7
"722","DKK3",7
"723","DLK1",7
"724","ELAC1",7
"725","EPHA2",7
"726","ERP44",7
"727","FCRLB",7
"728","FGF21",7
"729","FGFR2",7
"730","FGL1",7
"731","FKBP4",7
"732","FUCA1",7
"733","FUOM",7
"734","GCNT1",7
"735","GGT1",7
"736","GPRC5C",7
"737","HBZ",7
"738","HEXIM1",7
"739","HSPB6",7
"740","ICAM1",7
"741","IL32",7
"742","IL4R",7
"743","INHBB",7
"744","INHBC",7
"745","ISLR2",7
"746","ITGA2",7
"747","ITGB1",7
"748","ITGB5",7
"749","JAM2",7
"750","KAZALD1",7
"751","KYAT1",7
"752","LAMP1",7
"753","LGALS7_LGALS7B",7
"754","LGALS8",7
"755","LRPAP1",7
"756","LY75",7
"757","MANF",7
"758","MAP2",7
"759","MILR1",7
"760","MST1",7
"761","MYBPC1",7
"762","MYH9",7
"763","NCAM2",7
"764","NECTIN2",7
"765","NHLRC3",7
"766","NPDC1",7
"767","NPL",7
"768","NTRK2",7
"769","OLR1",7
"770","PCBD1",7
"771","PCDH1",7
"772","PDGFC",7
"773","PECAM1",7
"774","PKD1",7
"775","PLXNB3",7
"776","POSTN",7
"777","PSG1",7
"778","PTPRC",7
"779","PTPRS",7
"780","PVALB",7
"781","PYY",7
"782","RECK",7
"783","RSPO3",7
"784","S100P",7
"785","SEMA3F",7
"786","SEMA4C",7
"787","SERPINA12",7
"788","SERPINA5",7
"789","SERPIND1",7
"790","SEZ6L2",7
"791","SFTPA2",7
"792","SIT1",7
"793","SOD2",7
"794","SOD3",7
"795","SPINK4",7
"796","SPINK5",7
"797","SPON1",7
"798","SPRY2",7
"799","SUOX",7
"800","TGFBR3",7
"801","TIMP4",7
"802","TLR3",7
"803","TMPRSS15",7
"804","TMSB10",7
"805","TNFRSF1B",7
"806","TNN",7
"807","TPK1",7
"808","TYRO3",7
"809","UXS1",7
"810","VMO1",7
"811","VSNL1",7
"812","VWA1",7
"813","ZP3",7
"814","ACADSB",6
"815","ACHE",6
"816","ACOT13",6
"817","ADAM22",6
"818","ADAM23",6
"819","ADAM9",6
"820","AMOT",6
"821","ANGPT2",6
"822","ANGPTL1",6
"823","ANPEP",6
"824","ARHGEF10",6
"825","ASPN",6
"826","B4GALT1",6
"827","BCAN",6
"828","C19orf12",6
"829","CCDC80",6
"830","CCL16",6
"831","CCL19",6
"832","CD109",6
"833","CD27",6
"834","CD276",6
"835","CD300LF",6
"836","CD69",6
"837","CDH6",6
"838","CEACAM19",6
"839","CHI3L1",6
"840","CHIT1",6
"841","CHL1",6
"842","CHRDL1",6
"843","CLEC1A",6
"844","CLEC4M",6
"845","CNTN1",6
"846","CNTN2",6
"847","COQ7",6
"848","CRIM1",6
"849","CSF2RB",6
"850","CTSD",6
"851","CXADR",6
"852","CXCL17",6
"853","DAAM1",6
"854","DCTPP1",6
"855","DCXR",6
"856","DDC",6
"857","DIPK2B",6
"858","DKK4",6
"859","DKKL1",6
"860","DNAJB1",6
"861","DNM3",6
"862","DPP6",6
"863","DUT",6
"864","ECE1",6
"865","EFNA4",6
"866","EGFR",6
"867","ENO2",6
"868","EPHA1",6
"869","EPHA4",6
"870","F12",6
"871","FAP",6
"872","FCGR2A",6
"873","FGF2",6
"874","FGF23",6
"875","FIS1",6
"876","FKBP1B",6
"877","FLT3",6
"878","GADD45GIP1",6
"879","GAST",6
"880","GFRA2",6
"881","GP5",6
"882","GP6",6
"883","HGF",6
"884","HMCN2",6
"885","HRC",6
"886","HSPB1",6
"887","IFNAR1",6
"888","IL10",6
"889","IL6R",6
"890","ITGBL1",6
"891","KLK10",6
"892","KLK7",6
"893","KLKB1",6
"894","KYNU",6
"895","L3HYPDH",6
"896","LACRT",6
"897","LBR",6
"898","LEFTY2",6
"899","LRRC37A2",6
"900","LZTFL1",6
"901","MATN2",6
"902","MDGA1",6
"903","MFAP5",6
"904","MIA",6
"905","MPO",6
"906","NAP1L4",6
"907","NFASC",6
"908","NFU1",6
"909","NPTXR",6
"910","OSMR",6
"911","P4HB",6
"912","PAG1",6
"913","PCDH12",6
"914","PCDHB15",6
"915","PDCD6",6
"916","PGA4",6
"917","PGD",6
"918","PIGR",6
"919","PIK3AP1",6
"920","PILRB",6
"921","PLA2G2A",6
"922","PLXDC1",6
"923","PMVK",6
"924","PNMA1",6
"925","PODXL",6
"926","PRND",6
"927","PROS1",6
"928","PSCA",6
"929","PTGR1",6
"930","PTH",6
"931","RAB27B",6
"932","RBPMS2",6
"933","REG1A",6
"934","REG1B",6
"935","SARG",6
"936","SBSN",6
"937","SCARA5",6
"938","SCGN",6
"939","SCPEP1",6
"940","SDHB",6
"941","SEMA4D",6
"942","SERPINA4",6
"943","SERPINC1",6
"944","SERPINI1",6
"945","SLAMF1",6
"946","SPARCL1",6
"947","SPESP1",6
"948","STC1",6
"949","TBL1X",6
"950","TGOLN2",6
"951","THBS4",6
"952","TIMP1",6
"953","TNFRSF14",6
"954","TNFRSF19",6
"955","TNFRSF4",6
"956","TNFRSF9",6
"957","TNXB",6
"958","TOMM20",6
"959","TXNRD1",6
"960","VASN",6
"961","VEGFB",6
"962","VSIG2",6
"963","ACRBP",5
"964","ACVRL1",5
"965","ADAMTS15",5
"966","ADH1B",5
"967","ADH4",5
"968","AGR2",5
"969","ALPI",5
"970","AMN",5
"971","ANGPTL2",5
"972","APLP1",5
"973","APOD",5
"974","ARG1",5
"975","ART3",5
"976","ATRN",5
"977","ATXN10",5
"978","BAG3",5
"979","BAIAP2",5
"980","BMP4",5
"981","BRDT",5
"982","BST1",5
"983","BTC",5
"984","C1RL",5
"985","C2",5
"986","C3",5
"987","C9",5
"988","CA5A",5
"989","CBLN4",5
"990","CCL20",5
"991","CCL7",5
"992","CD4",5
"993","CD59",5
"994","CD7",5
"995","CD8A",5
"996","CD93",5
"997","CDH15",5
"998","CDKN2D",5
"999","CEP20",5
"1000","CGREF1",5
"1001","CHRDL2",5
"1002","CIRBP",5
"1003","CLSTN2",5
"1004","CPA2",5
"1005","CPOX",5
"1006","CRHBP",5
"1007","CRYZL1",5
"1008","CST3",5
"1009","CXCL1",5
"1010","CXCL9",5
"1011","DNAJC21",5
"1012","DNAJC6",5
"1013","DPEP2",5
"1014","DPP10",5
"1015","DPP4",5
"1016","EBAG9",5
"1017","ECHDC3",5
"1018","EDA2R",5
"1019","EDIL3",5
"1020","EFNA1",5
"1021","EGLN1",5
"1022","EIF4B",5
"1023","ENPP6",5
"1024","EPPK1",5
"1025","F11",5
"1026","FABP2",5
"1027","FAM13A",5
"1028","FAM3D",5
"1029","FBLN2",5
"1030","FBP1",5
"1031","FCRL3",5
"1032","FETUB",5
"1033","FGF19",5
"1034","FRZB",5
"1035","FTCD",5
"1036","FXN",5
"1037","GATD3",5
"1038","GHR",5
"1039","GMPR2",5
"1040","GPNMB",5
"1041","GSN",5
"1042","HRG",5
"1043","IFI30",5
"1044","IFIT3",5
"1045","IFNL1",5
"1046","IGDCC4",5
"1047","IGFBP2",5
"1048","IGFBP3",5
"1049","IGSF8",5
"1050","IGSF9",5
"1051","IL12RB1",5
"1052","IL15RA",5
"1053","IL19",5
"1054","INSL4",5
"1055","INSL5",5
"1056","ITGAV",5
"1057","ITIH4",5
"1058","KIFBP",5
"1059","KIR2DL2",5
"1060","KLK15",5
"1061","KLK8",5
"1062","KRT5",5
"1063","LAIR2",5
"1064","LAT",5
"1065","LAYN",5
"1066","LCP1",5
"1067","LILRA3",5
"1068","LILRB4",5
"1069","LIPF",5
"1070","LRP11",5
"1071","LRTM2",5
"1072","LY6D",5
"1073","LYN",5
"1074","MAMDC4",5
"1075","MAX",5
"1076","METAP2",5
"1077","MMP12",5
"1078","MMP7",5
"1079","MMP8",5
"1080","MPIG6B",5
"1081","MSMB",5
"1082","MTDH",5
"1083","MTSS2",5
"1084","NAA80",5
"1085","NADK",5
"1086","NCF2",5
"1087","NECTIN4",5
"1088","NMNAT1",5
"1089","NOMO1",5
"1090","NOTCH2",5
"1091","NPC2",5
"1092","NT5C3A",5
"1093","NTF3",5
"1094","NTproBNP",5
"1095","NUCB2",5
"1096","PCDH7",5
"1097","PER3",5
"1098","PGLYRP2",5
"1099","PI16",5
"1100","PIBF1",5
"1101","PKD2",5
"1102","PLAT",5
"1103","PLCB2",5
"1104","PLG",5
"1105","PLXNA4",5
"1106","PNLIPRP2",5
"1107","PPP1R12A",5
"1108","PPP3R1",5
"1109","PRKAR1A",5
"1110","PRSS22",5
"1111","PTN",5
"1112","PTX3",5
"1113","PZP",5
"1114","RAB6A",5
"1115","RBP5",5
"1116","RBP7",5
"1117","RGMB",5
"1118","RNASE6",5
"1119","RNF5",5
"1120","ROBO2",5
"1121","S100A12",5
"1122","SCARB2",5
"1123","SERPINH1",5
"1124","SFRP1",5
"1125","SH2B3",5
"1126","SIL1",5
"1127","SIRT2",5
"1128","SLAMF8",5
"1129","SLC9A3R2",5
"1130","SLITRK1",5
"1131","SMAD3",5
"1132","SMOC2",5
"1133","SNAP23",5
"1134","SNAP29",5
"1135","SNCA",5
"1136","SRPK2",5
"1137","STK11",5
"1138","SULT2A1",5
"1139","SYAP1",5
"1140","TACC3",5
"1141","TBCC",5
"1142","TCN2",5
"1143","TFF1",5
"1144","TNFRSF10A",5
"1145","TNFRSF6B",5
"1146","TNFSF14",5
"1147","TOP2B",5
"1148","TRAF2",5
"1149","UBE2L6",5
"1150","UROD",5
"1151","VTI1A",5
"1152","VWF",5
"1153","WASHC3",5
"1154","A1BG",4
"1155","ABHD14B",4
"1156","ACE",4
"1157","ACYP1",4
"1158","ADAMTS8",4
"1159","ADAMTSL4",4
"1160","AGR3",4
"1161","AKR7L",4
"1162","AKT2",4
"1163","ANG",4
"1164","ANKMY2",4
"1165","ANXA1",4
"1166","ANXA3",4
"1167","APBB1IP",4
"1168","APEX1",4
"1169","AREG",4
"1170","ARG2",4
"1171","ASPSCR1",4
"1172","ATG4A",4
"1173","ATRAID",4
"1174","AZU1",4
"1175","BAP18",4
"1176","BCAT1",4
"1177","BECN1",4
"1178","BIN2",4
"1179","BLMH",4
"1180","BLNK",4
"1181","BMPER",4
"1182","C1QTNF1",4
"1183","CA1",4
"1184","CA14",4
"1185","CACNB3",4
"1186","CACYBP",4
"1187","CALCOCO1",4
"1188","CASP2",4
"1189","CASP7",4
"1190","CASP8",4
"1191","CCDC50",4
"1192","CCL15",4
"1193","CCL18",4
"1194","CD34",4
"1195","CD70",4
"1196","CD99",4
"1197","CDHR1",4
"1198","CEP43",4
"1199","CEP85",4
"1200","CERT",4
"1201","CHMP6",4
"1202","CIAPIN1",4
"1203","CILP",4
"1204","CKAP4",4
"1205","CKB",4
"1206","CLEC3B",4
"1207","CLEC7A",4
"1208","CMC1",4
"1209","CNTNAP2",4
"1210","COL18A1",4
"1211","COL9A1",4
"1212","COMMD1",4
"1213","COX5B",4
"1214","CRACR2A",4
"1215","CRADD",4
"1216","CRELD1",4
"1217","CRNN",4
"1218","CSF1",4
"1219","CSF2",4
"1220","CSF3",4
"1221","CSNK2A1",4
"1222","CXCL10",4
"1223","DAG1",4
"1224","DARS1",4
"1225","DBNL",4
"1226","DDAH1",4
"1227","DEFB4A_DEFB4B",4
"1228","DTD1",4
"1229","DTX3",4
"1230","DTYMK",4
"1231","ECM1",4
"1232","EFCAB2",4
"1233","EFEMP1",4
"1234","EHBP1",4
"1235","EIF4E",4
"1236","EIF4G1",4
"1237","ENO3",4
"1238","ENTPD2",4
"1239","EPS8L2",4
"1240","ERP29",4
"1241","F13B",4
"1242","F2",4
"1243","FABP3",4
"1244","FABP6",4
"1245","FADD",4
"1246","FAS",4
"1247","FCGR2B",4
"1248","FGA",4
"1249","FKBP5",4
"1250","FNDC1",4
"1251","FOXO1",4
"1252","FSHB",4
"1253","GC",4
"1254","GCC1",4
"1255","GCG",4
"1256","GFRA1",4
"1257","GGACT",4
"1258","GGT5",4
"1259","GLA",4
"1260","GLRX5",4
"1261","GNE",4
"1262","GNPDA2",4
"1263","GOLGA3",4
"1264","GOPC",4
"1265","GPHA2",4
"1266","GPI",4
"1267","GPIHBP1",4
"1268","GPR15L",4
"1269","GRHPR",4
"1270","GSR",4
"1271","GSTA3",4
"1272","HCLS1",4
"1273","HGS",4
"1274","HHEX",4
"1275","HJV",4
"1276","HLA-A",4
"1277","HLA-E",4
"1278","HMOX2",4
"1279","HNMT",4
"1280","HSD17B14",4
"1281","HSPA1A",4
"1282","HSPG2",4
"1283","HYAL1",4
"1284","IDS",4
"1285","IGFBP6",4
"1286","IGFBP7",4
"1287","IGSF21",4
"1288","IGSF3",4
"1289","IL13RA1",4
"1290","IL18RAP",4
"1291","IL3RA",4
"1292","IL6",4
"1293","IL7",4
"1294","ISM1",4
"1295","IST1",4
"1296","ITGAL",4
"1297","ITGB1BP2",4
"1298","ITM2A",4
"1299","KIF22",4
"1300","KIR2DL3",4
"1301","KLK12",4
"1302","LAIR1",4
"1303","LCN15",4
"1304","LGALS4",4
"1305","LGALS9",4
"1306","LONP1",4
"1307","LRCH4",4
"1308","LRG1",4
"1309","LRRC59",4
"1310","LYSMD3",4
"1311","MANSC4",4
"1312","MAP2K1",4
"1313","MATN3",4
"1314","MCFD2",4
"1315","MECR",4
"1316","MGMT",4
"1317","MINK1",4
"1318","MOCS2",4
"1319","MRPL58",4
"1320","MSRA",4
"1321","MSTN",4
"1322","MTIF3",4
"1323","NAGA",4
"1324","NEXN",4
"1325","NPHS1",4
"1326","NRGN",4
"1327","NT5C",4
"1328","NUB1",4
"1329","NUMB",4
"1330","OGN",4
"1331","ORM1",4
"1332","OXCT1",4
"1333","PAM",4
"1334","PAMR1",4
"1335","PDAP1",4
"1336","PDIA4",4
"1337","PDIA5",4
"1338","PDLIM5",4
"1339","PENK",4
"1340","PFKFB2",4
"1341","PGF",4
"1342","PI3",4
"1343","POF1B",4
"1344","PON1",4
"1345","PON2",4
"1346","PPM1F",4
"1347","PPP1R2",4
"1348","PRAP1",4
"1349","PRKG1",4
"1350","PRKRA",4
"1351","PRL",4
"1352","PROK1",4
"1353","PSIP1",4
"1354","PSRC1",4
"1355","PTS",4
"1356","RABEP1",4
"1357","RBP2",4
"1358","REG4",4
"1359","RELT",4
"1360","REN",4
"1361","RILP",4
"1362","RLN2",4
"1363","RNASE3",4
"1364","RNASE4",4
"1365","RRM2B",4
"1366","S100A4",4
"1367","SCAMP3",4
"1368","SCG2",4
"1369","SDK2",4
"1370","SEC31A",4
"1371","SERPINA6",4
"1372","SERPINA7",4
"1373","SERPINF2",4
"1374","SFRP4",4
"1375","SHISA5",4
"1376","SHMT1",4
"1377","SLC16A1",4
"1378","SLC39A14",4
"1379","SLC9A3R1",4
"1380","SLURP1",4
"1381","SMAD1",4
"1382","SMTN",4
"1383","SNX15",4
"1384","SORCS2",4
"1385","SPRR3",4
"1386","SSNA1",4
"1387","STAU1",4
"1388","SUSD1",4
"1389","SUSD2",4
"1390","TALDO1",4
"1391","TBC1D23",4
"1392","TBCA",4
"1393","TBCB",4
"1394","TDRKH",4
"1395","TF",4
"1396","TGM2",4
"1397","TMED8",4
"1398","TNFRSF12A",4
"1399","TNIP1",4
"1400","TOR1AIP1",4
"1401","TP53BP1",4
"1402","TP53I3",4
"1403","TPD52L2",4
"1404","TPSD1",4
"1405","TSC22D1",4
"1406","TXNDC5",4
"1407","TYRP1",4
"1408","UPB1",4
"1409","USP8",4
"1410","VASH1",4
"1411","VTA1",4
"1412","WFIKKN2",4
"1413","YAP1",4
"1414","ZFYVE19",4
"1415","AARSD1",3
"1416","ACAA1",3
"1417","ACP6",3
"1418","ACY1",3
"1419","ADA",3
"1420","ADD1",3
"1421","ADGRB3",3
"1422","AFAP1",3
"1423","AFM",3
"1424","AKR1B1",3
"1425","AKT1S1",3
"1426","ALDH1A1",3
"1427","ANXA2",3
"1428","APCS",3
"1429","APOA4",3
"1430","APOBR",3
"1431","APOE",3
"1432","ARHGAP1",3
"1433","ARL2BP",3
"1434","ASRGL1",3
"1435","ATG16L1",3
"1436","ATP5IF1",3
"1437","B2M",3
"1438","BANK1",3
"1439","BCL2L15",3
"1440","BID",3
"1441","BIRC2",3
"1442","BOLA1",3
"1443","BRAP",3
"1444","BTN3A2",3
"1445","C1R",3
"1446","C1S",3
"1447","C7",3
"1448","C8B",3
"1449","C9orf40",3
"1450","CA11",3
"1451","CABP2",3
"1452","CALB1",3
"1453","CAMKK1",3
"1454","CAPG",3
"1455","CBS",3
"1456","CCN3",3
"1457","CDC26",3
"1458","CDC37",3
"1459","CDON",3
"1460","CEACAM20",3
"1461","CETN2",3
"1462","CFD",3
"1463","CFH",3
"1464","CFI",3
"1465","CHCHD10",3
"1466","CHMP1A",3
"1467","CLMP",3
"1468","CLU",3
"1469","CNP",3
"1470","COL15A1",3
"1471","COL24A1",3
"1472","COL6A3",3
"1473","COLEC12",3
"1474","CORO1A",3
"1475","CRIP2",3
"1476","CTF1",3
"1477","CTHRC1",3
"1478","CUZD1",3
"1479","CXCL14",3
"1480","CXCL3",3
"1481","CYB5R2",3
"1482","DBI",3
"1483","DCTN1",3
"1484","DECR1",3
"1485","DFFA",3
"1486","DNAJB14",3
"1487","DNAJB6",3
"1488","DNM1",3
"1489","DNMBP",3
"1490","DNPEP",3
"1491","DOK2",3
"1492","DPY30",3
"1493","DXO",3
"1494","EEF1D",3
"1495","EFCAB14",3
"1496","EGFLAM",3
"1497","EIF2AK3",3
"1498","EPHB6",3
"1499","ERI1",3
"1500","EZR",3
"1501","F9",3
"1502","FAM171B",3
"1503","FAM172A",3
"1504","FAM3C",3
"1505","FLI1",3
"1506","FN1",3
"1507","FOLH1",3
"1508","FST",3
"1509","FURIN",3
"1510","FXYD5",3
"1511","FYB1",3
"1512","GCHFR",3
"1513","GGCT",3
"1514","GIMAP7",3
"1515","GIP",3
"1516","GIT1",3
"1517","GKN1",3
"1518","GMFG",3
"1519","GNAS",3
"1520","GNPDA1",3
"1521","GORASP2",3
"1522","GRAP2",3
"1523","GRPEL1",3
"1524","GTPBP2",3
"1525","HARS1",3
"1526","HBQ1",3
"1527","HLA-DRA",3
"1528","HNRNPUL1",3
"1529","HPGDS",3
"1530","ICOSLG",3
"1531","IFNLR1",3
"1532","IGBP1",3
"1533","IGFBPL1",3
"1534","IL17C",3
"1535","IL17RA",3
"1536","IL22",3
"1537","IL22RA1",3
"1538","IMPG1",3
"1539","KDM3A",3
"1540","KIR2DS4",3
"1541","KLK4",3
"1542","KLK6",3
"1543","KRT19",3
"1544","LAMP2",3
"1545","LATS1",3
"1546","LBP",3
"1547","LDLRAP1",3
"1548","LILRA6",3
"1549","LILRB5",3
"1550","LMNB2",3
"1551","LMOD1",3
"1552","LTB",3
"1553","MAGED1",3
"1554","MAP2K6",3
"1555","MARS1",3
"1556","METAP1D",3
"1557","MGLL",3
"1558","MIF",3
"1559","MINDY1",3
"1560","MMP10",3
"1561","MMP3",3
"1562","MPHOSPH8",3
"1563","MPI",3
"1564","MTHFSD",3
"1565","MUC13",3
"1566","MUC16",3
"1567","MYDGF",3
"1568","NARS1",3
"1569","NBL1",3
"1570","NBN",3
"1571","NFATC3",3
"1572","NFE2",3
"1573","NMI",3
"1574","NOS1",3
"1575","NOS3",3
"1576","NUDT16",3
"1577","NUDT5",3
"1578","OGA",3
"1579","PACS2",3
"1580","PALM",3
"1581","PARK7",3
"1582","PAXX",3
"1583","PCYT2",3
"1584","PDCD5",3
"1585","PDE5A",3
"1586","PDGFRB",3
"1587","PDLIM7",3
"1588","PDZD2",3
"1589","PDZK1",3
"1590","PHACTR2",3
"1591","PKLR",3
"1592","PLA2G4A",3
"1593","PPIB",3
"1594","PPL",3
"1595","PPP1R14A",3
"1596","PRKAR2A",3
"1597","PRRT3",3
"1598","PSMG3",3
"1599","PTGDS",3
"1600","PTPN1",3
"1601","PTPRK",3
"1602","PTRHD1",3
"1603","PVR",3
"1604","PXN",3
"1605","QSOX1",3
"1606","RAB2B",3
"1607","RAP1A",3
"1608","RARRES2",3
"1609","RBM17",3
"1610","REEP4",3
"1611","RGCC",3
"1612","RHOC",3
"1613","RIDA",3
"1614","RILPL2",3
"1615","RNF149",3
"1616","RNF43",3
"1617","ROBO4",3
"1618","RRM2",3
"1619","RWDD1",3
"1620","S100A13",3
"1621","S100A16",3
"1622","S100G",3
"1623","SCN4B",3
"1624","SEPTIN8",3
"1625","SERPINA3",3
"1626","SERPINA9",3
"1627","SESTD1",3
"1628","SF3B4",3
"1629","SH2D1A",3
"1630","SIGLEC5",3
"1631","SKAP2",3
"1632","SLAMF6",3
"1633","SLC27A4",3
"1634","SMAD5",3
"1635","SNX2",3
"1636","SORD",3
"1637","SPINK1",3
"1638","SRPX",3
"1639","STAMBP",3
"1640","STK4",3
"1641","STX7",3
"1642","STX8",3
"1643","STXBP1",3
"1644","SYTL4",3
"1645","TAFA5",3
"1646","TAX1BP1",3
"1647","TDGF1",3
"1648","TDP1",3
"1649","TFF3",3
"1650","TGFA",3
"1651","THTPA",3
"1652","THY1",3
"1653","TIA1",3
"1654","TIMM10",3
"1655","TIMP2",3
"1656","TNF",3
"1657","TNFAIP2",3
"1658","TNFAIP8L2",3
"1659","TNFRSF10B",3
"1660","TP53INP1",3
"1661","TRIM58",3
"1662","TSPAN1",3
"1663","TWF2",3
"1664","TXLNA",3
"1665","UBXN1",3
"1666","USO1",3
"1667","VSIG10",3
"1668","VSTM1",3
"1669","VWC2",3
"1670","WAS",3
"1671","WFDC2",3
"1672","WWP2",3
"1673","YARS1",3
"1674","AAMDC",2
"1675","ABO",2
"1676","ACRV1",2
"1677","ADAMTS16",2
"1678","ADAMTS4",2
"1679","ADAMTSL5",2
"1680","ADM",2
"1681","AGT",2
"1682","AHCY",2
"1683","AHSG",2
"1684","AIF1L",2
"1685","AIFM1",2
"1686","AKT3",2
"1687","AMOTL2",2
"1688","ANXA11",2
"1689","ANXA4",2
"1690","AP2B1",2
"1691","AP3B1",2
"1692","ARFIP1",2
"1693","ARHGAP25",2
"1694","ARHGAP45",2
"1695","ARHGAP5",2
"1696","ARHGEF1",2
"1697","ARHGEF5",2
"1698","ARL13B",2
"1699","ATF2",2
"1700","ATXN3",2
"1701","AXIN1",2
"1702","BACH1",2
"1703","BAG4",2
"1704","BAX",2
"1705","BCL2",2
"1706","BCL2L1",2
"1707","BLVRB",2
"1708","BNIP3L",2
"1709","BOLA2_BOLA2B",2
"1710","C2CD2L",2
"1711","C2orf69",2
"1712","C5",2
"1713","CA13",2
"1714","CACNB1",2
"1715","CAPS",2
"1716","CASC3",2
"1717","CASP1",2
"1718","CASP10",2
"1719","CASP3",2
"1720","CCDC134",2
"1721","CCN5",2
"1722","CD2AP",2
"1723","CD38",2
"1724","CDC42BPB",2
"1725","CDK5RAP3",2
"1726","CEACAM21",2
"1727","CEACAM3",2
"1728","CEBPB",2
"1729","CELSR2",2
"1730","CEMIP2",2
"1731","CEP170",2
"1732","CES2",2
"1733","CFHR2",2
"1734","CGA",2
"1735","CGB3_CGB5_CGB8",2
"1736","CHCHD6",2
"1737","CIT",2
"1738","CLEC12A",2
"1739","CLIP2",2
"1740","CNPY4",2
"1741","COL3A1",2
"1742","COMMD9",2
"1743","COMT",2
"1744","CRTAC1",2
"1745","CSDE1",2
"1746","CSF2RA",2
"1747","CTSH",2
"1748","CWC15",2
"1749","CYTL1",2
"1750","DAB2",2
"1751","DAPK2",2
"1752","DAPP1",2
"1753","DBN1",2
"1754","DCTD",2
"1755","DDHD2",2
"1756","DDI2",2
"1757","DEFB104A_DEFB104B",2
"1758","DGCR6",2
"1759","DIABLO",2
"1760","DLG4",2
"1761","DNAJA4",2
"1762","DNAJB8",2
"1763","DOCK9",2
"1764","DPT",2
"1765","DRG2",2
"1766","DUSP29",2
"1767","DUSP3",2
"1768","DYNC1H1",2
"1769","DYNLT3",2
"1770","ECHS1",2
"1771","EFHD1",2
"1772","EFNB2",2
"1773","EHD3",2
"1774","EIF1AX",2
"1775","EIF2AK2",2
"1776","EIF4G3",2
"1777","ELOA",2
"1778","ENAH",2
"1779","ENO1",2
"1780","ENSA",2
"1781","ENTR1",2
"1782","ERBIN",2
"1783","ESYT2",2
"1784","FABP1",2
"1785","FABP4",2
"1786","FABP5",2
"1787","FGF5",2
"1788","FHIT",2
"1789","FKBPL",2
"1790","FOXJ3",2
"1791","FSTL3",2
"1792","GABARAP",2
"1793","GART",2
"1794","GBP1",2
"1795","GDNF",2
"1796","GET3",2
"1797","GIGYF2",2
"1798","GIPC3",2
"1799","GLOD4",2
"1800","GLRX",2
"1801","GM2A",2
"1802","GMPR",2
"1803","GOT1",2
"1804","GRIK2",2
"1805","GYS1",2
"1806","HADH",2
"1807","HCG22",2
"1808","HDGF",2
"1809","HDGFL2",2
"1810","HMBS",2
"1811","HS1BP3",2
"1812","HS6ST2",2
"1813","HSDL2",2
"1814","ICA1",2
"1815","IDI2",2
"1816","IFNG",2
"1817","IGFBP1",2
"1818","IGFBP4",2
"1819","IGHMBP2",2
"1820","IKZF2",2
"1821","IL11",2
"1822","IL16",2
"1823","IL17D",2
"1824","IL17F",2
"1825","IL1B",2
"1826","IL1RN",2
"1827","IL31RA",2
"1828","IL36G",2
"1829","IMMT",2
"1830","IMPA1",2
"1831","INPP1",2
"1832","INSL3",2
"1833","IPCEF1",2
"1834","IRAG2",2
"1835","ITIH1",2
"1836","ITPA",2
"1837","JPT2",2
"1838","KAZN",2
"1839","KHK",2
"1840","KIR3DL1",2
"1841","KLF4",2
"1842","LACTB2",2
"1843","LGALS1",2
"1844","LHB",2
"1845","LMNB1",2
"1846","LPA",2
"1847","LSM8",2
"1848","LSP1",2
"1849","LXN",2
"1850","LYZL2",2
"1851","MAP1LC3B2",2
"1852","MAPRE3",2
"1853","MAVS",2
"1854","MED18",2
"1855","MEGF11",2
"1856","MESD",2
"1857","MITD1",2
"1858","MOG",2
"1859","MRI1",2
"1860","MYOM2",2
"1861","NAGK",2
"1862","NDUFB7",2
"1863","NEDD4L",2
"1864","NENF",2
"1865","NFKB1",2
"1866","NFKBIE",2
"1867","NGRN",2
"1868","NINJ1",2
"1869","NIT2",2
"1870","NPPB",2
"1871","NPPC",2
"1872","NSFL1C",2
"1873","NUDC",2
"1874","NUDT2",2
"1875","OGFR",2
"1876","OPHN1",2
"1877","OPLAH",2
"1878","OTUD6B",2
"1879","OTUD7B",2
"1880","PAEP",2
"1881","PAFAH1B3",2
"1882","PARP1",2
"1883","PCSK7",2
"1884","PEBP1",2
"1885","PECR",2
"1886","PGR",2
"1887","PHLDB1",2
"1888","PIK3IP1",2
"1889","PIKFYVE",2
"1890","PKN3",2
"1891","PLEKHO1",2
"1892","PLIN3",2
"1893","PLPBP",2
"1894","PLSCR3",2
"1895","PNPT1",2
"1896","PPCDC",2
"1897","PPP1R14D",2
"1898","PPP1R9B",2
"1899","PPP2R5A",2
"1900","PRDX1",2
"1901","PRDX2",2
"1902","PRKAB1",2
"1903","PRTFDC1",2
"1904","PSME1",2
"1905","PSTPIP2",2
"1906","PTPN6",2
"1907","PTPRN2",2
"1908","PTPRR",2
"1909","QDPR",2
"1910","RAB10",2
"1911","RAB11FIP3",2
"1912","RAB44",2
"1913","RABGAP1L",2
"1914","RAD23B",2
"1915","RALY",2
"1916","RANBP1",2
"1917","RBP1",2
"1918","RGS10",2
"1919","RNASE1",2
"1920","RNASEH2A",2
"1921","RP2",2
"1922","RPE",2
"1923","RPL14",2
"1924","RTBDN",2
"1925","RTN4IP1",2
"1926","S100A11",2
"1927","SAA4",2
"1928","SAMD9L",2
"1929","SCRN1",2
"1930","SCT",2
"1931","SDCCAG8",2
"1932","SEL1L",2
"1933","SEPTIN9",2
"1934","SERPINB1",2
"1935","SERPINB6",2
"1936","SERPINB8",2
"1937","SERPINB9",2
"1938","SERPINF1",2
"1939","SEZ6",2
"1940","SH3GLB2",2
"1941","SHD",2
"1942","SLC4A1",2
"1943","SNX5",2
"1944","SNX9",2
"1945","SOD1",2
"1946","SPART",2
"1947","SPTLC1",2
"1948","SRP14",2
"1949","ST13",2
"1950","STAT2",2
"1951","STAT5B",2
"1952","STIP1",2
"1953","STX3",2
"1954","SUSD4",2
"1955","TARBP2",2
"1956","TBC1D5",2
"1957","TCOF1",2
"1958","THSD1",2
"1959","TIGAR",2
"1960","TIGIT",2
"1961","TJAP1",2
"1962","TK1",2
"1963","TLR1",2
"1964","TLR4",2
"1965","TMEM25",2
"1966","TMPRSS11D",2
"1967","TPMT",2
"1968","TRAF3",2
"1969","TRDMT1",2
"1970","TRIM21",2
"1971","TRIM24",2
"1972","TSPYL1",2
"1973","TXNDC9",2
"1974","TYMP",2
"1975","UBAC1",2
"1976","UFD1",2
"1977","UROS",2
"1978","USP25",2
"1979","VAMP5",2
"1980","VASP",2
"1981","VAV3",2
"1982","VCPKMT",2
"1983","VPS28",2
"1984","VPS37A",2
"1985","VPS4B",2
"1986","VPS53",2
"1987","VSTM2L",2
"1988","VTCN1",2
"1989","WARS",2
"1990","WASF1",2
"1991","WASL",2
"1992","WFDC1",2
"1993","WNT9A",2
"1994","XG",2
"1995","XIAP",2
"1996","YES1",2
"1997","YOD1",2
"1998","YTHDF3",2
"1999","YWHAQ",2
"2000","ZBTB17",2
"2001","ZNF830",2
"2002","ZNRF4",2
"2003","ABCA2",1
"2004","ABL1",1
"2005","ACADM",1
"2006","ACOX1",1
"2007","ACP1",1
"2008","ACSL1",1
"2009","ACTA2",1
"2010","ACTN2",1
"2011","ADAM12",1
"2012","ADGRV1",1
"2013","AHNAK",1
"2014","AHNAK2",1
"2015","AIDA",1
"2016","AIF1",1
"2017","AK2",1
"2018","AKR1C4",1
"2019","ALDH3A1",1
"2020","ALDH5A1",1
"2021","AMBN",1
"2022","AMPD3",1
"2023","ANGPTL4",1
"2024","ANK2",1
"2025","ANKRD54",1
"2026","ANXA5",1
"2027","AOC1",1
"2028","AP1G2",1
"2029","AP3S2",1
"2030","APOH",1
"2031","APPL2",1
"2032","ARF6",1
"2033","ART5",1
"2034","ARTN",1
"2035","ATP2B4",1
"2036","ATP6AP2",1
"2037","ATP6V1D",1
"2038","ATP6V1F",1
"2039","ATP6V1G1",1
"2040","ATP6V1G2",1
"2041","ATXN2L",1
"2042","AZI2",1
"2043","BAG6",1
"2044","BAMBI",1
"2045","BCL7B",1
"2046","BCR",1
"2047","BNIP2",1
"2048","BRSK2",1
"2049","BTN1A1",1
"2050","C1GALT1C1",1
"2051","C1QBP",1
"2052","C1QTNF6",1
"2053","C7orf50",1
"2054","CA2",1
"2055","CALB2",1
"2056","CALCB",1
"2057","CAMSAP1",1
"2058","CAPN3",1
"2059","CARHSP1",1
"2060","CASP4",1
"2061","CASP9",1
"2062","CAT",1
"2063","CC2D1A",1
"2064","CCNE1",1
"2065","CCS",1
"2066","CD164L2",1
"2067","CD177",1
"2068","CD82",1
"2069","CDAN1",1
"2070","CDC27",1
"2071","CDH23",1
"2072","CDK1",1
"2073","CDNF",1
"2074","CEBPA",1
"2075","CEND1",1
"2076","CENPF",1
"2077","CEP112",1
"2078","CEP152",1
"2079","CHAC2",1
"2080","CHM",1
"2081","CLASP1",1
"2082","CLEC2L",1
"2083","CLGN",1
"2084","CLIC5",1
"2085","CLNS1A",1
"2086","CLSPN",1
"2087","CLTA",1
"2088","CMIP",1
"2089","CNPY2",1
"2090","CNST",1
"2091","CNTNAP4",1
"2092","CPPED1",1
"2093","CPXM2",1
"2094","CRKL",1
"2095","CRTAP",1
"2096","CRYM",1
"2097","CSNK1D",1
"2098","CSRP3",1
"2099","CSTB",1
"2100","DCC",1
"2101","DCN",1
"2102","DCUN1D1",1
"2103","DDT",1
"2104","DDX58",1
"2105","DEFB103A_DEFB103B",1
"2106","DEFB118",1
"2107","DHRS4L2",1
"2108","DLL4",1
"2109","DNAJA2",1
"2110","DNAJC9",1
"2111","DNPH1",1
"2112","DOC2B",1
"2113","DTNB",1
"2114","DUSP13",1
"2115","ECI2",1
"2116","EDDM3B",1
"2117","EDF1",1
"2118","EDN1",1
"2119","EIF2S2",1
"2120","EIF5",1
"2121","ENOX2",1
"2122","ENPEP",1
"2123","EPHX2",1
"2124","ERC2",1
"2125","ESR1",1
"2126","EVI5",1
"2127","EXOSC10",1
"2128","EXTL1",1
"2129","FAM171A2",1
"2130","FARSA",1
"2131","FBN2",1
"2132","FCER1A",1
"2133","FEN1",1
"2134","FES",1
"2135","FGD3",1
"2136","FGR",1
"2137","FH",1
"2138","FKBP7",1
"2139","FNTA",1
"2140","FOXO3",1
"2141","FRMD7",1
"2142","FUS",1
"2143","FUT1",1
"2144","GAGE2A",1
"2145","GAPDH",1
"2146","GAS2",1
"2147","GASK1A",1
"2148","GBP2",1
"2149","GBP4",1
"2150","GCLM",1
"2151","GDF15",1
"2152","GFER",1
"2153","GIMAP8",1
"2154","GIPC2",1
"2155","GLO1",1
"2156","GLT8D2",1
"2157","GLYR1",1
"2158","GPD1",1
"2159","GPR158",1
"2160","GRK5",1
"2161","GRSF1",1
"2162","GSAP",1
"2163","GSTM4",1
"2164","GSTP1",1
"2165","GSTT2B",1
"2166","GTF2IRD1",1
"2167","GUCY2C",1
"2168","H2AP",1
"2169","HAGH",1
"2170","HDAC8",1
"2171","HDDC2",1
"2172","HEBP1",1
"2173","HIP1R",1
"2174","HNRNPK",1
"2175","HPCAL1",1
"2176","HSPA2",1
"2177","HTRA2",1
"2178","IL10RA",1
"2179","IL12RB2",1
"2180","IL13",1
"2181","IL1A",1
"2182","IL20RA",1
"2183","IL20RB",1
"2184","IL2RG",1
"2185","IL31",1
"2186","IL33",1
"2187","IL34",1
"2188","IL36A",1
"2189","ILKAP",1
"2190","IMPACT",1
"2191","ING1",1
"2192","INPP5D",1
"2193","INPP5J",1
"2194","IQGAP2",1
"2195","IRAK1",1
"2196","IRAK4",1
"2197","ITIH5",1
"2198","ITPRIP",1
"2199","KIAA0319",1
"2200","KIAA2013",1
"2201","KIF1C",1
"2202","KIR3DL2",1
"2203","KLK3",1
"2204","LARP1",1
"2205","LAT2",1
"2206","LEP",1
"2207","LHPP",1
"2208","LPCAT2",1
"2209","LPP",1
"2210","LRIG3",1
"2211","LRRC38",1
"2212","LRRFIP1",1
"2213","LTA4H",1
"2214","LUZP2",1
"2215","LYAR",1
"2216","M6PR",1
"2217","MAD1L1",1
"2218","MANEAL",1
"2219","MAP3K5",1
"2220","MAP4K5",1
"2221","MAPK13",1
"2222","MAPK9",1
"2223","MAPKAPK2",1
"2224","MCEE",1
"2225","MCTS1",1
"2226","MDH1",1
"2227","MDM1",1
"2228","MICALL2",1
"2229","MMP13",1
"2230","MMP15",1
"2231","MMUT",1
"2232","MORF4L2",1
"2233","MPRIP",1
"2234","MTHFD2",1
"2235","MTUS1",1
"2236","MVK",1
"2237","MYCBP2",1
"2238","MYL4",1
"2239","MYL6B",1
"2240","MYLPF",1
"2241","MZT1",1
"2242","NAA10",1
"2243","NAPRT",1
"2244","NCLN",1
"2245","NEB",1
"2246","NECAP2",1
"2247","NECTIN1",1
"2248","NEDD9",1
"2249","NEFL",1
"2250","NEO1",1
"2251","NFATC1",1
"2252","NFX1",1
"2253","NIT1",1
"2254","NMT1",1
"2255","NOS2",1
"2256","NPR1",1
"2257","NRTN",1
"2258","NT5C1A",1
"2259","NTF4",1
"2260","NUBP1",1
"2261","OCLN",1
"2262","ODAM",1
"2263","OMP",1
"2264","OSTN",1
"2265","OTOA",1
"2266","PADI2",1
"2267","PADI4",1
"2268","PAFAH2",1
"2269","PAGR1",1
"2270","PAK4",1
"2271","PALM2",1
"2272","PALM3",1
"2273","PARD3",1
"2274","PBLD",1
"2275","PBXIP1",1
"2276","PCARE",1
"2277","PCBP2",1
"2278","PCNA",1
"2279","PCOLCE",1
"2280","PDIA3",1
"2281","PGLYRP4",1
"2282","PHOSPHO1",1
"2283","PHYKPL",1
"2284","PLIN1",1
"2285","PMM2",1
"2286","POLR2F",1
"2287","PPIF",1
"2288","PPM1B",1
"2289","PPME1",1
"2290","PPP1R12B",1
"2291","PRDX3",1
"2292","PRDX5",1
"2293","PRDX6",1
"2294","PRELP",1
"2295","PROCR",1
"2296","PRUNE2",1
"2297","PSMD9",1
"2298","PSME2",1
"2299","PSMG4",1
"2300","PTGES2",1
"2301","PTH1R",1
"2302","PTK7",1
"2303","PTP4A3",1
"2304","PXDNL",1
"2305","RAB33A",1
"2306","RABEPK",1
"2307","RALB",1
"2308","RAPGEF2",1
"2309","RARRES1",1
"2310","RASSF2",1
"2311","RBFOX3",1
"2312","RBKS",1
"2313","RBPMS",1
"2314","RCC1",1
"2315","RCOR1",1
"2316","REG3G",1
"2317","RELB",1
"2318","RFC4",1
"2319","RGS8",1
"2320","RIPK4",1
"2321","RNASE10",1
"2322","RNF168",1
"2323","RPA2",1
"2324","RRAS",1
"2325","RUVBL1",1
"2326","S100A3",1
"2327","SAT2",1
"2328","SCARB1",1
"2329","SCP2",1
"2330","SCRG1",1
"2331","SCRIB",1
"2332","SELENOP",1
"2333","SEMA6C",1
"2334","SERPINA1",1
"2335","SERPINB5",1
"2336","SETMAR",1
"2337","SFTPA1",1
"2338","SH3BP1",1
"2339","SHH",1
"2340","SHPK",1
"2341","SIRT1",1
"2342","SLA2",1
"2343","SLIRP",1
"2344","SLIT2",1
"2345","SLMAP",1
"2346","SMNDC1",1
"2347","SMPD3",1
"2348","SNCG",1
"2349","SNED1",1
"2350","SNX18",1
"2351","SPACA5_SPACA5B",1
"2352","SPAG1",1
"2353","SPINK6",1
"2354","SPINK8",1
"2355","SPINT3",1
"2356","SPON2",1
"2357","SPRED2",1
"2358","SPRING1",1
"2359","SPRR1B",1
"2360","SRC",1
"2361","SSH3",1
"2362","ST8SIA1",1
"2363","STK24",1
"2364","STX16",1
"2365","STX4",1
"2366","SUGP1",1
"2367","SUGT1",1
"2368","SULT1A1",1
"2369","SUMF1",1
"2370","SV2A",1
"2371","SWAP70",1
"2372","TAB2",1
"2373","TADA3",1
"2374","TBC1D17",1
"2375","TEF",1
"2376","TET2",1
"2377","TEX101",1
"2378","TGFB2",1
"2379","THAP12",1
"2380","THOP1",1
"2381","TIMM8A",1
"2382","TMCO5A",1
"2383","TMEM132A",1
"2384","TNFAIP8",1
"2385","TP53",1
"2386","TPBGL",1
"2387","TPM3",1
"2388","TPPP3",1
"2389","TPR",1
"2390","TRIM25",1
"2391","TRIM40",1
"2392","TRIM5",1
"2393","TSC1",1
"2394","TSPAN15",1
"2395","TSPAN7",1
"2396","TST",1
"2397","TTF2",1
"2398","TTN",1
"2399","TXK",1
"2400","TXN",1
"2401","TXNL1",1
"2402","UBE2Z",1
"2403","UGDH",1
"2404","UNC5D",1
"2405","UNC79",1
"2406","USP28",1
"2407","USP47",1
"2408","VAMP8",1
"2409","VGF",1
"2410","VSIG10L",1
"2411","VWC2L",1
"2412","WASF3",1
"2413","XRCC4",1
"2414","ZBP1",1
